YP Notes,Timestamp,Material Path,Title,Description,Tags,Notes to YangPrints,Transcription,Email Address
"Updated graphic, sent creator email",11/7/2019 20:16:54,/poster/1106-yang-faceted-poster,New poster from https://www.reddit.com/r/YangForPresidentHQ/comments/dsg0me/this_one_took_a_while_to_make_but_here_is_my/?utm_medium=android_app&utm_source=share,New poster,"Portrait, low poly","Hey, I am the creator of this piece and I would appreciate it if I were asked before submission. Also, would you please update the file to the one uploaded to Google Drive? This one is old and I've made a few fixes since it was posted to Reddit. https://drive.google.com/file/d/1D_KUAvxig4QqSAj3pAgKu3zF7A47Xgrl/view?usp=sharing",,pmccartney54@gmail.com
emailed,11/10/2019 3:41:41,/bcard/bcard002-back,Climate change,hi i'm trying to make business cards for California and I think climate change is a top issue for voters here. Can we swap human-centered capitalism for climate crisis (carbon tax)? Thank you!,policies,hi i'm trying to make business cards for California and I think climate change is a top issue for voters here. Can we swap human-centered capitalism for climate crisis (carbon tax)? Thank you!,,stal0291@gmail.com
"updated spreadsheet, did not email yet",11/10/2019 21:03:25,/handout/1101-holiday-card,MATH snowman Christmas Card,MATH snowman holiday card (fits into a 5 x 7 envelope),"holidays,math",,,ywleung1@yahoo.com
responded on Slack,11/14/2019 22:20:36,/hanger/yanghanger-front-01,Humanity First Doorhanger,Join me at Yang2020.com Designed for Vistaprint's Large Door Hanger,yanghanger,Please have a template for 3.5 x 8.5. These smaller door hangers are much cheaper. ,,ce.aiello@gmail.com
responded,11/15/2019 9:51:22,/poster/1113-small-towns,UBI Small Town Flyer,Freedom Dividend Flyer for Small Towns,"UBI, freedom dividend, iowa, farm, small town","is it possible to fix the text on the bottom ''support the freedom dividend yang 2020 .com'' so that there is no shadow, and consistent with the guidelines on the style guide on humanity for yang. com?","HOW $1000/ADULT FOR EVERY AMERICAN CITIZEN CAN HELP REJUVENATE SMALL TOWNS

Small communities invest their time and resources to help promote and educate high school students in their hometown. However, what ends up happening is once these students go off to college those resources are gone from the community forever and they have no incentive to come back home. 
In the past, these farms have been the lifeblood of the community, but more and more mega farms are taking over and the money is going to some corporate office. With $1000 per adult, a town of 3000 people suddenly receiving $3,000,000 every month results in resources flowing back into the community. Perhaps, that student has a reason to move back home and start a business. Family farms tend to have many people - grandpas, dads, and sons, and all of their spouses. This means that you may be getting $100,000 to $200,000 a year to invest into your farm and have a real way to compete with these mega farms. In a bad crop year, you also have a cushion versus bad weather. Raised taxes in a small town makes no difference in social programs, fixed roads, and infrastructure. But, $1000 per every adult funneled back into your community adds up to millions and gives the children you have invested in a reason to head back home. It will also give businesses and farms a fighting chance. SUPPORT THE FREEDOM DIVIDEND YANG2020.COM",reinarenegada@gmail.com
eamiled about file,11/15/2019 20:11:58,/handout/1027-andrew-yang-brochure,Andrew Yang 3 panel brochure,Double sided trifold Andrew Yang brochure,"UBI, brochure","""For President"", & then maybe an updated term to replace ""Medicare for All"" to avoid confusion.  I made a version, I'll attach it as a PDF :) ",,jamesfhalterman@gmail.com
"responded that artist didn't have higher res, if they wanted to print in bulk that i could redo",11/15/2019 22:29:39,/poster/1031-free-missing-flyer-template-with-tear-off-tabs,Missing Yang,Print this in b&w and hang wherever you'd hang a flyer with pull off tabs! Cheap and easy,"News, Print, missing, reward","This isn't a print ready file. The size and pixels per inch are not remotely where they need to be, very small.",,photosyth@gmail.com
implied they discovered fix given later emails :D,11/17/2019 15:39:48,/handout/yang-brochure,Andrew Yang for President,2 sided brochure,"brochure, policies",The file is empty,,stal0291@gmail.com
TODO,11/19/2019 13:54:35,/handout/1027-andrew-yang-brochure,Andrew Yang 3 panel brochure,Double sided trifold Andrew Yang MOTOWN brochure,"ubi, brochure",Switch the city pics to Detroit city pics...This then becomes the perfect flyer for DETROIT!  Send me a link to the updated MOTOWN Andrew Yang Brochure so I can use them in the D,Motown,mpferreira@protonmail.com
fixed,11/19/2019 16:12:23,/hanger/yanghanger-front-01,Humanity First Doorhanger,Join me at Yang2020.com Designed for Vistaprint's Large Door Hanger,yanghanger,"spelling mistake - *more important THAN money, not ""then"" money",,haribo.bear@yahoo.com
fixed,11/19/2019 21:47:03,/banner/1115-ytay,"20""x30"" DIY Banner Stencils","Buy 20"" x 30"" foam boards for $1 at DollarTree, then buy 1/2"" x 24"" PVC pipes at homedepot full instructions here: https://www.reddit.com/r/YangForPresidentHQ/comments/dyvymt/how_to_create_the_effective_yanggang_rally_signs/","bucks, ubi, freedomdividend",,,majestique@gmail.com
fixed,11/19/2019 21:47:29,/banner/1115-ayfp,"20""x30"" DIY Banner Stencils","Buy 20"" x 30"" foam boards for $1 at DollarTree, then buy 1/2"" x 24"" PVC pipes at homedepot Full instructions here: https://www.reddit.com/r/YangForPresidentHQ/comments/dyvymt/how_to_create_the_effective_yanggang_rally_signs/","yanggang, gi joe, logo, sticker",,,majestique@gmail.com
TODO,11/19/2019 21:56:36,/handout/1019-yang-gives-you-back,4x Uncle Yang Handout - Back,Designed to print in grayscale & use less ink. QR goes to YangLinks.,"3 policies, policy overview, 4-per-sheet, ganged","can you please make a version without the hashtags, to look more professional? perhaps include a small list of policies in its place (1 democracy dollars, 2 etc) The resolution looks to be low from the jpg, 742 x 960, will it print blurry?",,samkaiser2@gmail.com
"fixed, emailed",11/20/2019 14:25:23,/bcard/andrew-yang-poster-business-card-front,MATH business card front,A buisness card for those of you wanting to get the word out about MATH and Andrew yang!,math,"Hey, the QR code on this card doesnt go anywhere. Can you have the designer fix it? its a nice card.",,jacobrtabor@gmail.com
"fixed, emailed",11/20/2019 19:50:11,/bcard/andrew-yang-poster-business-card-back,MATH business card back,A buisness card for those of you wanting to get the word out about MATH and Andrew yang!,"math, policies","There's a typo!  It says ""elimate"" where you mean ""eliminate""  .  ",YANG Action Plan; Implement Ranked Choice Voting; Elimate [sic] pharmaceutical profiteering; reduce mass incarceration; issue freedom dividends; $1000/month Freedom Dividend!,jtangpublic@gmail.com
TODO,11/21/2019 8:52:12,/bcard/yang-cc-01-back,Yang CC Front,Artwork of the front of a credit card with Yang's name on it,credit card,I love the credit card idea! Can we get one with a blue front so it's recognizable using the same color scheme as the rest of the campaign? I want to start leaving them behind in restaurants along with my tip!,Yang CC Front,tessa.lau@gmail.com
"fixed, emailed",11/24/2019 21:03:45,/button/1122-chicago-for-yang,Chicago for Yang,"The Sears/Willis Tower only has 2 spires. Remove the middle line at the top. Also, remove the name from the print.","illinois, chicago","The Sears/Willis Tower only has 2 spires. Remove the middle line at the top. Also, remove the name from the print.",Chicago for Yang,gabrieledwards@gmail.com
wontfix,11/26/2019 12:27:56,/banner/1119-andrewyangstencillegal,Andrew Yang Banner Stencil Prints for Legal Size Papers,Just print out and create a stencil then spray paint on a card board,"stencil, banner, legal, 8.5x14",For some reason when i click to download the print it comes up very distorted in the next window...,,Jonmaurins@gmail.com
added,12/1/2019 10:14:07,/bcard/1130-ultimateyangbusinesscardfronthorizontal,The Ultimate Yang Business Card - Yang people in 10-15 seconds flat! Front,"<strong>Download PSD here:</strong> <a href=""http://yanganswers.com/UltimateYangBusinessCard.psd"">http://yanganswers.com/UltimateYangBusinessCard.psd</a>

<strong>How to guide here: </strong> <a href=""https://www.reddit.com/r/YangForPresidentHQ/comments/e45eku/the_ultimate_yang_business_card_yang_people_in/"">How to Yang in 15 seconds flat</a>

The best way to market Yang is by repeating the message to people, so you'll just need to say the script on the card and hand it over. The card has an easy pathway to FULL YangGang conversion!  By handing over the card, it reminds people what you've just said!  
<strong>Steps on Yanging a cashier: </strong>
- Have you heard of Andrew Yang?  
- Have you noticed stores are closing because of Amazon? (Usually Yes)  
- Did you know they paid 0 in taxes?  
- There's a lot of job loss because of them, they use technology and automation to achieve that (Usually they nod their head)  
- There's a proposal to tax Amazon, Facebook, Google, etc. and pay every adult $1,000 a month, it's called Universal Basic Income  
- I'm sure you have more questions, so check out YangAnswers.com  
- And when you get a chance, check out Joe Rogan's interview with Andrew Yang on Youtube (show them the back of the card)  
- Hand them the card (Usually they'll say thanks!)  

Great job! Pathway to full YangGang conversion achieved!","ultimate, yang, business, card",,,majestique@gmail.com
added,12/1/2019 10:20:46,/bcard/1130-ultimateyangbusinesscardbackhorizontal,The Ultimate Yang Business Card - Yang people in 10-15 seconds flat! Back,"<strong>Download PSD here:</strong> <a href=""http://yanganswers.com/UltimateYangBusinessCardBack.psd"">http://yanganswers.com/UltimateYangBusinessCardBack.psd</a>

<strong>How to guide here: </strong> <a href=""https://www.reddit.com/r/YangForPresidentHQ/comments/e45eku/the_ultimate_yang_business_card_yang_people_in/"">How to Yang in 15 seconds flat</a>

The best way to market Yang is by repeating the message to people, so you'll just need to say the script on the card and hand it over. The card has an easy pathway to FULL YangGang conversion!  By handing over the card, it reminds people what you've just said!  
<strong>Steps on Yanging a cashier: </strong>
- Have you heard of Andrew Yang?  
- Have you noticed stores are closing because of Amazon? (Usually Yes)  
- Did you know they paid 0 in taxes?  
- There's a lot of job loss because of them, they use technology and automation to achieve that (Usually they nod their head)  
- There's a proposal to tax Amazon, Facebook, Google, etc. and pay every adult $1,000 a month, it's called Universal Basic Income  
- I'm sure you have more questions, so check out YangAnswers.com  
- And when you get a chance, check out Joe Rogan's interview with Andrew Yang on Youtube (show them the back of the card)  
- Hand them the card (Usually they'll say thanks!)  

Great job! Pathway to full YangGang conversion achieved!","ultimate, yang, business, card",,,majestique@gmail.com
"added pdf, emailed ",12/1/2019 19:32:52,/bcard/1113-yeagleyang2020front,A New Way Forward #Yeagle Yang Eagle Front,"updated #Yeagle business card with ""A New Way Forward""",eagle,"I am trying to use Costco to print, and the dimensions of this design and the corresponding one extend well beyond the safe zone. Unfortunately, the software doesn't allow me to resize the image like it does on Staples. Can we get an update with the defined 2x3.5"" dimensions, with the Safe zone built in? Thanks!",,zong117@gmail.com
wontfix,12/2/2019 12:10:03,/bcard/1125-bcard-front,Policy-Heavy card BACK,3 more policies with descriptions to get people curious. Then a list of 9 more crucial policies along the bottom to show he is NOT a 1 issue candidate. The QR code takes you to YangLinks.com,"YangLinks, Education, Ranked-Choice Voting, Realist, Environment, Green, Nuclear,",TOO WIDE. A lot of these are not the right size.,"NOT LEFT NOT RIGHT... FORWARD

Realist Environmental Pan: Higher Ground program‚àô Carbon fee/dividend ‚àô Geoengineering ‚àô New fission & fusion ‚àô Sustainable agriculture, packaging, buildings‚Ä¶  

Education: Reduce student loan debt ‚àô Promote vocational schools & community colleges ‚àô Grow college class size & reduce administration costs.

Ranked-Choice Voting: Candidates are ranked by you. If your candidate drops or is last your vote goes to your next choice until a winner is decided. 	

Opioid Crisis Plan ‚àô End Gerrymandering ‚àô Support for the Arts ‚àô Net Neutrality ‚àô Free Early Childhood Education ‚àôPathway to Citizenship ‚àô Smart Southern Border ‚àô Mandatory Paid Leave ‚àô Data as Property 

Questions? 
Hear from Yang himself on YangLinks.com. Questions are answered by Andrew Yang through interview clips 

130+ Policies on 
yang2020.com/policies/",drakehasmail@gmail.com
fixed,12/4/2019 19:29:41,/handout/1201-yang bux stickers,Yang Buck Sticker template,"This full-sheet, double sided sticker set has QR codes on the back AND ‚ÄúNot Legal Tender‚Äù on both sides, because it‚Äôs a felony to print money that looks too realistic! Stick the sticker on whatever you like, and use the backside on water bottles. Use the side strips wherever you want!

Here is the Amazon url to the full-sheet sticker paper with no branding on the back https://www.amazon.com/gp/product/B07DZQ88GM","yangbuck, ganged, qr","Hi! This is a full-sheet Sticker, not a Handout. Thank you for all you do! ",,lorentripp@mac.com
fixed,12/5/2019 12:08:32,/invite/1127-yang-sweater-wrapping-paper-72x30,YangGang Wrapping Paper,YangGang Wrapping Paper for the holiday season! sized to be printed via Zazzle 6ft x 30in,"yanggang, yang2020, print, holiday, christmas, wrapping paper","add tags: holiday, christmas, wrapping paper",,greenassea@gmail.com
moved the card,12/6/2019 12:44:32,/bcard/1124-andrewyang-mlk-buscard2,MLK/AndrewYang Business Card,Andrew Yang will abolish poverty.,"mlk,ubi,poverty",Hi mike it‚Äôs Amal - can this front be linked with danilei‚Äôs MLK image as the back? Not sure if they can be reordered to be next to each other in the cards display but I think she intends them to go together. üôèüèº,,yangprints@gmail.con
TODO,12/7/2019 10:43:18,/poster/1113-fdmath-misconceptions-poster-web,Fd misconceptions,FD Misconceptions,"ubi, misconceptions",Please redo this excellent document so it does suck all the ink out of my cartridge. Thanks!,,johnkelley@yang2020.com
seems resolved with meggy's latest,12/8/2019 9:26:48,http://yanganswers.com/UltimateYangBusinessCardBack.png,The Ultimate Yang Business Card - Yang people in 30 seconds flat! Back,"How to guide here: https://www.reddit.com/r/YangForPresidentHQ/comments/e45eku/the_ultimate_yang_business_card_yang_people_in/ The best way to market Yang is by repeating the message to people, so you'll just need to say the script on the card and hand it over. The card has an easy pathway to FULL YangGang conversion!  By handing over the card, it reminds people what you've just said!  Steps on Yanging a cashier:  - Have you heard of Andrew Yang?  - Have you noticed stores are closing because of Amazon? (Usually Yes)  - Did you know they paid 0 in taxes?  - There's a lot of job loss because of them, they use technology and automation to achieve that (Usually they nod their head)  - There's a proposal to tax Amazon, Facebook, Google, etc. and pay every adult $1,000 a month, it's called Universal Basic Income  - I'm sure you have more questions, so check out YangAnswers.com  - And when you get a chance, check out Joe Rogan's interview with Andrew Yang on Youtube (show them the back of the card)  - Hand them the card (Usually they'll say thanks!)  Great job! Pathway to full YangGang conversion achieved!","ultimate, yang, business, card","Please replace the art with this: http://yanganswers.com/UltimateYangBusinessCardBack.png (has donate & volunteer link for those interested)

Here's the PSD for those who want to make modifications: http://yanganswers.com/UltimateYangBusinessCardBack.psd",,majestique@gmail.com
TODO,12/8/2019 9:47:43,/poster/1207-yang-big-span-caps-bar1,YANG $1000 A MOTH Window Poster- Spanish,$1000 a month UBI Yang 2020 window poster in Spanish with TODOS Highlighted,"UBI, Freedom Dividend, Window,spanish,yang2020",can you post the exact dimensions of this so I can input that into the required fields for printing? ,"$1000 al mes para todos los Americanos 18+

Andrew Yang para presidente",steven.xian@gmail.com
emailed,12/8/2019 9:48:54,/poster/1114-how-much-would-normal-people-earn,How much normal people earn,,"ubi, yangvsbernie, wages, trump, bernie, comparison",can you list the dimensions? thanks,,steven.xian@gmail.com
wontfix,12/8/2019 17:02:48,/hanger/1130-yanghangerback,Yang Hanger,"Yang Door Hanger(one side-back),4.5x11","Freedom dividend, Door hanger, YangGang, Medicare for all, democracy dollars, human centered capitalism, , families, forward","It should be""than"" instead of ""then"".","""Human Centered Capitalism
Humans are more important then money, Markets exist to serve our common goals.""
",dr.hewang@gmail.com
wontfix,12/8/2019 21:25:06,/hanger/1130-yanghangerback,Yang Hanger,"Yang Door Hanger(one side-back),4.5x11","Freedom dividend, Door hanger, YangGang, Medicare for all, democracy dollars, human centered capitalism, , families, forward",Please remove the word ‚Äúdollars‚Äù after $1000 on the Freedom Dividend bullet point of the door hanger. $1000 as a numerical value speaks for itself. Thanks!,,deputynovak@yahoo.com
sent msg to dani,12/9/2019 1:17:54,/bcard/yeagle-back,Yang Eagle Back,,"eagle, policies","The spelling on this card needs to be fixed, Holistic is spelled wrong! ",,kmarie42@gmail.com
TODO,12/9/2019 16:57:00,/bcard/1027-miniyangbuxbc-howmuchearn,MiniYangBux - People Would Earn,"The front is a mini Yangbux, the back a graphic explaining what people would earn with and without the Freedom Dividend.","ubi, bernie sanders, donald trump, status quo, parenting, caregivers, retail workers, teachers, enlisted military, social security",The back graphic could be higher resolution to make it easier to read the text at the bottom.,,fullmoonfae03@gmail.com
fixed,12/9/2019 21:21:07,/button/1208-enviro-pins,"Environment 2.25"" pins",Higher is misspelled,"environment,ganged",,,cjmaar@gmail.com
consider deprecating this one,12/10/2019 18:42:57,/hanger/1130-yanghangerback,Yang Hanger,"Yang Door Hanger(one side-back),4.5x11","Freedom dividend, Door hanger, YangGang, Medicare for all, democracy dollars, human centered capitalism, , families, forward","Under freedom dividend, remove the word dollars as there is already a $.",,cjmaar@gmail.com
TODO,12/12/2019 9:38:43,/handout/math-test-01,The MATH Test,Make your own version and... hit the streets!,"math, math test","Can you make a PDF version? This would be better for high quality print. Also, please make a B&W version? (Or at least make the background white.) It would be more affordable to print for the average low income supporter while canvassing. Thank you! - Chen",,clchang24@gmail.com
TODO,12/13/2019 12:59:09,/banner/1106-yang-banner4x12,YouTube Andrew Yang Humanity First,YouTube Andrew Yang 4'x12' Banner,"highwaybanking, youtube","Edit Suggestion: To simplify banner remove Humanity First and move Yang2020 to center, make ANDREW YANG bolder.  :)",,judith.huck@comcast.net
fixed,12/13/2019 17:30:40,/button/1208-enviro-pins,"Environment 2.25"" pins","I spelled ""Higher"" wrong!! Whoops!","environment,ganged",,,lorentripp@mac.com
emailed,12/13/2019 17:50:21,/poster/1123-diy-andrew-yang,DIY Andrew Yang Cutout,A tiled version of a full size cutout of Andrew Yang that you can produce yourself,"cutout, DIY, lifesize, personal andrew, realistic, selfie, standee, tabling","When printed out Andrews face is quite fuzzy. I love this idea & would like to create a life size Yang, but it‚Äôs fuzzy. Am I doing something wrong?",,judith.huck@comcast.net
done?,12/13/2019 20:31:18,https://yanganswers.com/UltimateYangcard_Khoa_MeggyPass_print.pdf,The Ultimate Yang Business Card - Yang people in 30 seconds flat! Front & Back (Khoa & Meggy),"How to guide here: https://www.reddit.com/r/YangForPresidentHQ/comments/e45eku/the_ultimate_yang_business_card_yang_people_in/ 

The best way to market Yang is by repeating the message to people, so you'll just need to say the script on the card and hand it over. The card has an easy pathway to FULL YangGang conversion!  By handing over the card, it reminds people what you've just said!  Steps on Yanging a cashier:  - Have you heard of Andrew Yang?  - Have you noticed stores are closing because of Amazon? (Usually Yes)  - Did you know they paid 0 in taxes?  - There's a lot of job loss because of them, they use technology and automation to achieve that (Usually they nod their head)  - There's a proposal to tax Amazon, Facebook, Google, etc. and pay every adult $1,000 a month, it's called Universal Basic Income  - I'm sure you have more questions, so check out YangAnswers.com  - And when you get a chance, check out Joe Rogan's interview with Andrew Yang on Youtube (show them the back of the card)  - Hand them the card (Usually they'll say thanks!)  Great job! Pathway to full YangGang conversion achieved!","ultimate, yang, business, card",Here's the update Meggy worked on,,majestique@gmail.com
emailed,12/16/2019 9:40:55,/hanger/1213-des-moines-print-ready-example,Season's Greeting! 2-sided,Iowa specific! See the source for instructions on printing and customization,"iowa,customizable",I love this door hanger to use even after the holidays without the Seasons Greetings - can one be made editable so that i can customize for specific communities?,,lorilundberg1@gmail.com
TODO,12/16/2019 11:54:33,/sticker/truckers-for-yang-front,Truckers for Yang,Head on and profile,"truckers, bumper sticker",Could you make this with an outline on the Tesla Semi??,,gfesa125@gmail.com
fixed,12/17/2019 20:36:53,/button/1208-enviro-pins,"Environment 2.25"" pins","Higher is misspelled ""higer""","environment,ganged",Typo!,,adaptojen@gmail.com
fixed,12/17/2019 20:36:58,/button/1208-enviro-pins,"Environment 2.25"" pins","Higher is misspelled ""higer""","environment,ganged",Typo!,,adaptojen@gmail.com
emailed,12/23/2019 11:10:54,/bcard/1123-women-bcard-front,Women's issues FRONT,A bubble-gum flavored Yang business card showing Yang's appreciation of women and different media outlets women/men can best engage with this topic. Yang is depicted as a cheek-pinch worthy nice man.,"Women, Wages, Moms",Could we ass the campaign website in the top right and have this as a JPG or PNG format? ,"""We know that women do more unrecognized work in our society. It will not change unless we change it, and I say that's just what we do."",
Andrew on the view, Andrew Talks UBI on the Breakfast Club, Why UBI empowers women Paget Kagy, A conversation with presidential candidate Andrew Yanf Laurie Ruettimann",jenniferkaypollock@gmail.com